{
  "d_star": 20.98594016099504,
  "d_star_ci_low": 19.995874051278715,
  "d_star_ci_high": 21.984701517204645,
  "eps0": 0.013522747106314077,
  "gamma": 0.0018589946290317582,
  "r_squared": 0.9802378238526704,
  "threshold": 0.5
}