{
  "d_star": 45.86824707384386,
  "d_star_ci_low": 0.0,
  "d_star_ci_high": 54.592622876983455,
  "eps0": 0.013414419768706708,
  "gamma": 7.400675407923387e-05,
  "r_squared": 0.9161849544309708,
  "threshold": 0.5
}